id,first_name,last_name,email,gender,ip_address
1,Ilka,Stutter,istutter0@mediafire.com,Female,184.159.58.80
2,Ellette,Rao,erao1@hud.gov,Female,8.240.240.209
3,Nani,Chatto,nchatto2@samsung.com,Female,41.214.180.162
4,Piggy,Fenwick,pfenwick3@webmd.com,Male,220.48.250.243
5,Ruthanne,Crannage,rcrannage4@topsy.com,Female,105.221.85.24
6,Shelbi,Phifer,sphifer5@joomla.org,Female,101.93.125.11
7,Cy,Kindleysides,ckindleysides6@netvibes.com,Male,90.210.228.154
8,Mahmoud,Heindrich,mheindrich7@jalbum.net,Male,167.172.249.37
9,Crissy,Truswell,ctruswell8@google.es,Female,3.200.254.166
10,Inglebert,Chable,ichable9@imageshack.us,Male,90.252.166.146
11,Eldridge,Strognell,estrognella@oakley.com,Male,33.44.99.174
12,Horace,Karolewski,hkarolewskib@spotify.com,Male,40.129.46.181
13,Broddie,Tipling,btiplingc@live.com,Male,146.85.72.28
14,Rog,Chipps,rchippsd@buzzfeed.com,Male,234.8.117.28
15,Shannah,Steggals,ssteggalse@oracle.com,Female,237.13.116.45
16,Hurleigh,Braidwood,hbraidwoodf@aol.com,Male,97.106.198.59
17,Georgeta,Murricanes,gmurricanesg@jalbum.net,Female,156.84.37.171
18,Boycey,Rossiter,brossiterh@ucoz.ru,Male,48.86.68.104
19,Tatum,Gyver,tgyveri@apple.com,Female,253.128.124.9
20,Kev,Farenden,kfarendenj@chron.com,Male,197.134.25.82
21,Edmund,Adrianello,eadrianellok@godaddy.com,Male,86.164.173.222
22,Harriet,Stamper,hstamperl@techcrunch.com,Female,220.74.200.37
23,Harriot,Older,holderm@ehow.com,Female,201.59.30.108
24,Smitty,Basketter,sbaskettern@hao123.com,Male,42.74.169.241
25,Dieter,Lakenden,dlakendeno@diigo.com,Male,0.76.251.49
26,Bianca,Inchboard,binchboardp@spotify.com,Female,61.101.58.1
27,Guendolen,Bristowe,gbristoweq@altervista.org,Female,30.235.27.187
28,Panchito,Dufty,pduftyr@bloomberg.com,Male,108.47.230.65
29,Bunnie,Galiero,bgalieros@twitter.com,Female,140.17.220.28
30,Alane,Delahunty,adelahuntyt@behance.net,Female,234.159.105.250
31,Christiana,Eldridge,celdridgeu@toplist.cz,Female,252.222.44.177
32,Brody,Hengoed,bhengoedv@mysql.com,Male,237.104.72.205
33,Abdul,Noad,anoadw@businessweek.com,Male,214.99.140.117
34,Becca,Peregrine,bperegrinex@cnbc.com,Female,174.235.159.220
35,Aurlie,Eastridge,aeastridgey@jiathis.com,Female,30.194.70.86
36,Anette,Yitzhakov,ayitzhakovz@fema.gov,Female,243.83.77.238
37,Audry,Richie,arichie10@multiply.com,Female,115.27.189.225
38,Madalyn,Ferrettino,mferrettino11@hibu.com,Female,24.174.82.99
39,Fay,Smerdon,fsmerdon12@google.fr,Female,26.2.110.39
40,Pooh,Petroff,ppetroff13@usa.gov,Female,213.110.89.183
41,Gil,Oxlade,goxlade14@tamu.edu,Male,40.134.207.201
42,Kaylyn,Pillans,kpillans15@marketwatch.com,Female,5.212.154.52
43,Daria,Roberds,droberds16@etsy.com,Female,151.161.214.249
44,Stearn,Radoux,sradoux17@dailymail.co.uk,Male,230.185.66.110
45,Orin,Myner,omyner18@sun.com,Male,157.76.82.255
46,Bogey,Ealam,bealam19@cnbc.com,Male,21.81.215.12
47,Dalt,Canland,dcanland1a@adobe.com,Male,251.208.185.2
48,Camellia,Poller,cpoller1b@unc.edu,Female,216.208.184.242
49,Raff,Dicey,rdicey1c@paypal.com,Male,213.42.81.228
50,Jen,Yepiskov,jyepiskov1d@bravesites.com,Female,158.67.141.157
51,Aksel,Domerq,adomerq1e@webmd.com,Male,137.6.197.120
52,Levy,Lissemore,llissemore1f@sitemeter.com,Male,162.245.196.34
53,Inigo,Marden,imarden1g@wisc.edu,Male,107.89.94.59
54,Dorri,Sunley,dsunley1h@ask.com,Female,135.5.110.140
55,Linnell,Storey,lstorey1i@oaic.gov.au,Female,230.247.233.29
56,Damian,Cookson,dcookson1j@bizjournals.com,Male,122.231.120.178
57,Bernadina,Davenhill,bdavenhill1k@uol.com.br,Female,0.14.207.123
58,Felice,Joiris,fjoiris1l@amazon.co.jp,Male,58.242.108.75
59,Francis,Punter,fpunter1m@chron.com,Male,180.105.251.105
60,Donica,Channon,dchannon1n@hud.gov,Female,251.22.59.31
61,Annnora,Wyleman,awyleman1o@cloudflare.com,Female,231.136.26.126
62,Sergeant,Buard,sbuard1p@slideshare.net,Male,91.148.34.31
63,Violet,Soitoux,vsoitoux1q@merriam-webster.com,Female,45.214.49.105
64,Vaughan,Treadwell,vtreadwell1r@reference.com,Male,159.250.29.231
65,Johnath,Pegrum,jpegrum1s@ehow.com,Female,58.5.38.181
66,Erasmus,Ferrant,eferrant1t@deviantart.com,Male,2.158.164.51
67,Kara-lynn,Arnaudin,karnaudin1u@webmd.com,Female,0.25.168.208
68,Wilburt,McAlinion,wmcalinion1v@senate.gov,Male,58.103.157.253
69,Jolyn,Cockshott,jcockshott1w@house.gov,Female,212.74.18.135
70,Rainer,Stiegar,rstiegar1x@51.la,Male,126.75.209.179
71,Nonna,Bohey,nbohey1y@over-blog.com,Female,252.156.120.136
72,Miof mela,Hothersall,mhothersall1z@theatlantic.com,Female,242.40.152.81
73,Marcy,Sachno,msachno20@gravatar.com,Female,253.143.126.232
74,Sisely,Billin,sbillin21@wiley.com,Female,67.230.195.22
75,Liane,Grace,lgrace22@over-blog.com,Female,223.137.156.132
76,Ganny,Warboy,gwarboy23@photobucket.com,Male,88.22.141.59
77,Michail,Gecke,mgecke24@ycombinator.com,Male,104.32.47.15
78,Rudolph,Decker,rdecker25@tiny.cc,Male,206.67.171.28
79,Jenna,Klementz,jklementz26@squarespace.com,Female,182.156.223.192
80,Walker,Hoppner,whoppner27@ibm.com,Male,246.65.32.220
81,Moritz,Bertouloume,mbertouloume28@stumbleupon.com,Male,219.227.93.247
82,Benn,Broadwell,bbroadwell29@barnesandnoble.com,Male,175.192.11.176
83,Jeralee,Carrington,jcarrington2a@unc.edu,Female,231.10.124.238
84,Marne,Hurl,mhurl2b@ox.ac.uk,Female,159.44.194.48
85,Kellby,Yole,kyole2c@geocities.jp,Male,248.171.222.61
86,Jorgan,Drysdale,jdrysdale2d@bravesites.com,Male,215.197.102.43
87,Nathanael,Lighten,nlighten2e@blinklist.com,Male,131.67.93.12
88,Doralin,Growcott,dgrowcott2f@statcounter.com,Female,235.117.248.196
89,Cher,Lockhart,clockhart2g@google.pl,Female,100.78.112.67
90,Darcie,Balfour,dbalfour2h@github.com,Female,171.187.59.155
91,Rubi,Segrott,rsegrott2i@hao123.com,Female,15.224.48.33
92,Odilia,Blenkin,oblenkin2j@redcross.org,Female,110.222.154.116
93,Alonzo,McGarahan,amcgarahan2k@gnu.org,Male,104.85.15.88
94,Stefan,Abramovicz,sabramovicz2l@ibm.com,Male,147.166.147.147
95,Brian,Filipovic,bfilipovic2m@senate.gov,Male,131.245.41.106
96,Tymothy,Laxston,tlaxston2n@nyu.edu,Male,84.230.205.7
97,Davidson,Fairlie,dfairlie2o@netlog.com,Male,188.133.104.243
98,Winny,Bethune,wbethune2p@opensource.org,Male,28.241.236.2
99,Deidre,Besantie,dbesantie2q@mediafire.com,Female,108.194.177.171
100,Barnett,Beebee,bbeebee2r@bluehost.com,Male,79.18.56.158
101,Noll,Pole,npole2s@paginegialle.it,Male,37.48.200.194
102,Ivonne,Fancy,ifancy2t@samsung.com,Female,137.64.85.78
103,Marne,Pyper,mpyper2u@scientificamerican.com,Female,84.184.91.225
104,Kleon,Tschursch,ktschursch2v@themeforest.net,Male,224.175.12.56
105,Thorndike,Tidcomb,ttidcomb2w@time.com,Male,168.160.136.244
106,Courtney,Pixton,cpixton2x@sourceforge.net,Male,253.158.255.230
107,Hinze,Mayall,hmayall2y@mlb.com,Male,14.197.88.163
108,Leroy,Phillput,lphillput2z@weibo.com,Male,21.5.151.39
109,Saw,Janning,sjanning30@nih.gov,Male,149.196.4.253
110,Faulkner,Vicioso,fvicioso31@php.net,Male,121.48.51.91
111,Hilton,Fantone,hfantone32@netlog.com,Male,191.112.248.72
112,Beltran,Antoniat,bantoniat33@yahoo.co.jp,Male,103.93.224.97
113,Rosalia,Hanscomb,rhanscomb34@cdbaby.com,Female,234.247.66.6
114,Issi,Ing,iing35@illinois.edu,Female,215.15.59.79
115,Tallulah,Densumbe,tdensumbe36@mozilla.com,Female,37.37.213.232
116,Olenka,Pentelow,opentelow37@histats.com,Female,193.16.11.104
117,Meredeth,Crier,mcrier38@wiley.com,Male,81.250.225.73
118,Christos,Kilner,ckilner39@canalblog.com,Male,203.239.22.210
119,Emmet,Ratchford,eratchford3a@weather.com,Male,46.67.47.251
120,Johan,Kupker,jkupker3b@ask.com,Male,177.57.10.245
121,Bradan,Brierton,bbrierton3c@seattletimes.com,Male,234.159.113.229
122,Way,Canet,wcanet3d@prlog.org,Male,174.14.162.137
123,Tobi,Barendtsen,tbarendtsen3e@sourceforge.net,Female,53.16.248.198
124,Sonnie,Brendel,sbrendel3f@woothemes.com,Male,155.137.245.24
125,Goldi,Arendt,garendt3g@cocolog-nifty.com,Female,106.210.222.185
126,Blane,Worledge,bworledge3h@weibo.com,Male,144.31.28.172
127,Loydie,Goddard,lgoddard3i@cloudflare.com,Male,94.115.104.216
128,Lotti,Angus,langus3j@mit.edu,Female,118.79.224.238
129,Tabbitha,O'Flaverty,toflaverty3k@nhs.uk,Female,196.237.12.176
130,Valentine,Sangwin,vsangwin3l@angelfire.com,Female,141.197.210.21
131,Armando,Glascott,aglascott3m@multiply.com,Male,110.62.17.197
132,Robbi,Espinha,respinha3n@ycombinator.com,Female,170.119.1.255
133,Corabel,Jaquemar,cjaquemar3o@ow.ly,Female,196.215.5.208
134,Neils,Reskelly,nreskelly3p@vk.com,Male,197.72.46.72
135,Micah,Kenington,mkenington3q@timesonline.co.uk,Male,140.197.9.5
136,Clifford,Howieson,chowieson3r@vk.com,Male,80.210.235.145
137,Grazia,Bricksey,gbricksey3s@goo.gl,Female,120.244.214.158
138,Raddy,Caitlin,rcaitlin3t@ihg.com,Male,115.246.191.153
139,Gaelan,Johnstone,gjohnstone3u@usatoday.com,Male,81.248.113.201
140,Nickolas,Bocking,nbocking3v@wordpress.org,Male,53.74.53.178
141,Rea,Tabor,rtabor3w@discovery.com,Female,60.223.58.81
142,Bradney,Emburey,bemburey3x@last.fm,Male,247.209.138.3
143,Pen,Ferrettino,pferrettino3y@newyorker.com,Male,204.234.130.133
144,Dilly,Scarrisbrick,dscarrisbrick3z@blogtalkradio.com,Male,82.162.40.92
145,Jereme,Scini,jscini40@boston.com,Male,19.194.72.98
146,Netta,Ropert,nropert41@nyu.edu,Female,49.163.228.68
147,Den,Gallo,dgallo42@tiny.cc,Male,224.95.239.63
148,Oliviero,Cartmel,ocartmel43@amazon.co.jp,Male,169.95.214.139
149,Kennedy,Bourbon,kbourbon44@tripod.com,Male,185.116.37.136
150,Umberto,Semper,usemper45@google.de,Male,128.193.170.80
151,Adele,D'Alesio,adalesio46@buzzfeed.com,Female,224.128.190.61
152,Aube,Buckbee,abuckbee47@yandex.ru,Male,17.125.230.235
153,Gonzalo,Whitely,gwhitely48@bluehost.com,Male,29.63.27.201
154,Gisela,Cranmer,gcranmer49@desdev.cn,Female,166.56.89.180
155,Anneliese,Kubatsch,akubatsch4a@pinterest.com,Female,202.86.100.8
156,Jemima,Shadwick,jshadwick4b@zimbio.com,Female,95.32.52.122
157,Doris,Hoy,dhoy4c@creativecommons.org,Female,17.74.91.239
158,Anthia,Demoge,ademoge4d@google.de,Female,37.70.72.65
159,Shirline,Ryding,sryding4e@weebly.com,Female,49.226.18.126
160,Stafani,Dickings,sdickings4f@state.gov,Female,231.93.218.125
161,Debora,Spriddle,dspriddle4g@taobao.com,Female,219.218.0.23
162,Lindsay,Kingsnoad,lkingsnoad4h@ucsd.edu,Male,135.187.182.11
163,Leroi,Izkovici,lizkovici4i@flickr.com,Male,244.19.52.163
164,Eden,Matteuzzi,ematteuzzi4j@nps.gov,Female,28.220.237.136
165,Moses,Trenholm,mtrenholm4k@creativecommons.org,Male,44.169.10.73
166,Nicoline,Brigstock,nbrigstock4l@bloglines.com,Female,253.24.1.121
167,Walliw,Menier,wmenier4m@eventbrite.com,Female,89.237.143.78
168,Donavon,Sutton,dsutton4n@samsung.com,Male,116.60.65.71
169,Gertie,Abbitt,gabbitt4o@deviantart.com,Female,154.33.243.104
170,Dicky,Paffley,dpaffley4p@cloudflare.com,Male,233.217.236.225
171,Veronica,Daniels,vdaniels4q@ebay.co.uk,Female,34.147.107.151
172,Shawn,Brameld,sbrameld4r@yelp.com,Male,35.13.181.218
173,Vanda,O'Downe,vodowne4s@twitpic.com,Female,40.168.164.182
174,Land,Alner,lalner4t@dot.gov,Male,61.181.172.175
175,Kimbra,Tegeller,ktegeller4u@sbwire.com,Female,249.161.27.71
176,Janice,Spillard,jspillard4v@nsw.gov.au,Female,237.151.140.41
177,Armin,Laughnan,alaughnan4w@columbia.edu,Male,178.50.153.31
178,Menard,Knutsen,mknutsen4x@artisteer.com,Male,132.173.242.251
179,Tamqrah,Lared,tlared4y@mit.edu,Female,69.240.211.196
180,Silvana,Damiral,sdamiral4z@e-recht24.de,Female,184.139.0.39
181,Adelaida,Milburn,amilburn50@google.pl,Female,0.207.149.141
182,Jaye,Peakman,jpeakman51@ibm.com,Male,101.14.136.81
183,Lyndsie,Kingescot,lkingescot52@huffingtonpost.com,Female,22.213.126.194
184,Sherlocke,Greenhowe,sgreenhowe53@fda.gov,Male,226.177.161.104
185,Dmitri,Rockall,drockall54@gov.uk,Male,250.220.241.139
186,Haleigh,Knowles,hknowles55@mlb.com,Male,44.27.165.70
187,Katusha,Grandin,kgrandin56@cnbc.com,Female,234.118.123.225
188,Nikolia,Rutledge,nrutledge57@live.com,Female,200.104.112.21
189,Randy,Aloway,raloway58@salon.com,Male,24.8.88.204
190,Edsel,Rouch,erouch59@chron.com,Male,31.135.199.66
191,Coop,Syce,csyce5a@parallels.com,Male,141.198.184.217
192,Flint,Peggrem,fpeggrem5b@google.de,Male,218.111.49.194
193,Webster,Summerbell,wsummerbell5c@admin.ch,Male,252.67.219.183
194,Porter,Ragsdale,pragsdale5d@ucoz.com,Male,145.199.52.174
195,Natalya,Sterley,nsterley5e@ftc.gov,Female,184.226.232.185
196,Emanuel,Blowick,eblowick5f@meetup.com,Male,170.113.147.122
197,Roscoe,Keller,rkeller5g@deliciousdays.com,Male,214.207.129.87
198,Timothea,Wigg,twigg5h@purevolume.com,Female,27.239.170.126
199,Juliane,Menichelli,jmenichelli5i@barnesandnoble.com,Female,77.108.179.206
200,Vikki,Yates,vyates5j@dedecms.com,Female,58.233.64.163
201,Lucias,Tumilson,ltumilson5k@twitter.com,Male,10.230.240.60
202,Emmalynn,Redihough,eredihough5l@nsw.gov.au,Female,172.224.25.233
203,Georgia,Olcot,golcot5m@goo.gl,Female,36.163.215.96
204,Marquita,Rheam,mrheam5n@paypal.com,Female,203.108.104.120
205,Farah,Huntly,fhuntly5o@icio.us,Female,121.136.87.158
206,Martica,Dowdell,mdowdell5p@sciencedaily.com,Female,192.46.71.95
207,Aldous,Paulon,apaulon5q@w3.org,Male,12.41.175.166
208,Reuven,Caruth,rcaruth5r@hibu.com,Male,189.32.12.28
209,Dawna,Grishelyov,dgrishelyov5s@who.int,Female,120.71.233.138
210,Holt,Walkley,hwalkley5t@ftc.gov,Male,130.205.228.231
211,Rufe,Esby,resby5u@ask.com,Male,167.37.173.242
212,Alfons,Gurling,agurling5v@disqus.com,Male,159.153.73.152
213,Odie,Mitchinson,omitchinson5w@nyu.edu,Male,29.70.85.111
214,Vernon,Ghost,vghost5x@fc2.com,Male,164.31.8.57
215,Renato,Wellan,rwellan5y@nih.gov,Male,199.88.210.231
216,Meris,Daveridge,mdaveridge5z@squidoo.com,Female,87.124.37.8
217,Kaylee,Conachie,kconachie60@pinterest.com,Female,109.221.54.60
218,Amie,Lenaghen,alenaghen61@aol.com,Female,253.103.107.198
219,Oliy,Medeway,omedeway62@infoseek.co.jp,Female,111.24.198.220
220,Conni,Scoble,cscoble63@bravesites.com,Female,121.176.205.68
221,Kalil,Axworthy,kaxworthy64@jalbum.net,Male,93.255.187.78
222,Dorey,Gwyer,dgwyer65@t-online.de,Male,197.113.37.60
223,Ber,Turpie,bturpie66@edublogs.org,Male,137.23.52.1
224,Theresita,Mayman,tmayman67@google.de,Female,59.98.231.150
225,Manda,Kyttor,mkyttor68@t.co,Female,152.145.199.106
226,Arnaldo,Leport,aleport69@fastcompany.com,Male,163.180.176.108
227,Obed,Ference,oference6a@webeden.co.uk,Male,1.243.144.37
228,Zorana,Habron,zhabron6b@infoseek.co.jp,Female,154.63.114.137
229,Nevil,Aronin,naronin6c@google.com,Male,30.52.72.32
230,Tiffany,Mott,tmott6d@cbslocal.com,Female,121.203.118.140
231,Xerxes,Mardy,xmardy6e@bravesites.com,Male,163.244.62.7
232,Frazier,McQuillen,fmcquillen6f@dion.ne.jp,Male,127.23.181.78
233,Arluene,Scheu,ascheu6g@irs.gov,Female,86.85.53.169
234,Lacey,Hunstone,lhunstone6h@pcworld.com,Female,175.96.235.208
235,Nadean,Duckham,nduckham6i@stumbleupon.com,Female,49.83.191.220
236,Jannelle,Klarzynski,jklarzynski6j@upenn.edu,Female,165.194.156.11
237,Nixie,Halladay,nhalladay6k@ustream.tv,Female,214.48.91.33
238,Gunar,Souch,gsouch6l@tumblr.com,Male,38.55.21.41
239,Baron,Sissel,bsissel6m@g.co,Male,194.228.240.244
240,Aggy,Lenton,alenton6n@nsw.gov.au,Female,180.2.254.60
241,Finley,Duggon,fduggon6o@livejournal.com,Male,213.164.211.128
242,Sawyere,Melsome,smelsome6p@t-online.de,Male,97.130.105.24
243,Cleon,Sawdy,csawdy6q@noaa.gov,Male,91.24.232.171
244,Niall,Fidele,nfidele6r@360.cn,Male,135.22.46.235
245,Boot,Alibone,balibone6s@columbia.edu,Male,232.205.35.108
246,Spike,Lavigne,slavigne6t@hubpages.com,Male,150.94.43.128
247,Silvain,Robert,srobert6u@reverbnation.com,Male,244.140.76.78
248,Tabina,Valsler,tvalsler6v@independent.co.uk,Female,121.25.80.136
249,Deeanne,Gorce,dgorce6w@homestead.com,Female,33.219.48.106
250,Evie,Alecock,ealecock6x@slate.com,Female,214.109.99.160
251,Ax,Birdall,abirdall6y@smh.com.au,Male,162.40.166.213
252,Allianora,Roberto,aroberto6z@pbs.org,Female,24.134.223.220
253,Gretchen,Murfin,gmurfin70@posterous.com,Female,160.236.137.95
254,Angelo,Cridlin,acridlin71@ft.com,Male,140.71.195.103
255,Nikos,Pollington,npollington72@sbwire.com,Male,199.193.195.158
256,Cchaddie,Solly,csolly73@4shared.com,Male,231.157.206.0
257,Joey,Merner,jmerner74@ovh.net,Female,128.37.1.173
258,Marmaduke,Goane,mgoane75@jimdo.com,Male,35.211.35.124
259,Shir,Gierck,sgierck76@hao123.com,Female,224.254.207.105
260,Kelbee,Layland,klayland77@github.com,Male,148.21.58.51
261,Bruis,Pilsbury,bpilsbury78@privacy.gov.au,Male,18.194.204.138
262,Port,Lyford,plyford79@marketwatch.com,Male,87.123.172.89
263,Herbie,Pfleger,hpfleger7a@angelfire.com,Male,157.23.232.235
264,Corabelle,Marrett,cmarrett7b@hexun.com,Female,245.192.53.0
265,Mikkel,Forsdike,mforsdike7c@indiegogo.com,Male,44.181.104.235
266,King,Busson,kbusson7d@goodreads.com,Male,202.156.100.70
267,Garth,Dunguy,gdunguy7e@hibu.com,Male,87.84.232.241
268,Jennette,McNab,jmcnab7f@etsy.com,Female,225.164.175.149
269,Roman,Bogies,rbogies7g@ebay.com,Male,250.253.203.19
270,Teressa,Gandey,tgandey7h@dmoz.org,Female,194.253.173.208
271,Margery,Hunton,mhunton7i@a8.net,Female,82.169.214.205
272,Ashton,Clyburn,aclyburn7j@wikispaces.com,Male,214.171.6.114
273,Jehanna,Bluck,jbluck7k@yellowpages.com,Female,191.88.57.173
274,Nanice,Powlett,npowlett7l@hubpages.com,Female,73.66.129.139
275,Jerrold,Masserel,jmasserel7m@aol.com,Male,9.3.230.177
276,Bale,Hammerich,bhammerich7n@java.com,Male,120.202.15.130
277,Asia,Giorgetti,agiorgetti7o@prnewswire.com,Female,171.253.122.13
278,Liam,Roakes,lroakes7p@sun.com,Male,142.64.254.146
279,Charlton,Gewer,cgewer7q@jalbum.net,Male,145.195.230.230
280,Elonore,Sliman,esliman7r@t.co,Female,50.134.50.22
281,Duke,Kupper,dkupper7s@google.es,Male,16.1.52.33
282,Tome,Eisikovitsh,teisikovitsh7t@github.com,Male,182.80.228.20
283,Cesare,Claringbold,cclaringbold7u@symantec.com,Male,67.210.222.67
284,Tobe,Hoggan,thoggan7v@umich.edu,Female,163.51.251.3
285,Annmaria,Paylor,apaylor7w@telegraph.co.uk,Female,155.177.178.40
286,Berke,Varne,bvarne7x@techcrunch.com,Male,193.198.240.83
287,Bartholomeus,Croshaw,bcroshaw7y@vistaprint.com,Male,195.0.46.218
288,Penelopa,Wycliff,pwycliff7z@shareasale.com,Female,255.25.236.26
289,Sher,Peasee,speasee80@senate.gov,Female,194.156.126.208
290,Eward,Molder,emolder81@cargocollective.com,Male,234.165.77.144
291,Rosemary,Reggio,rreggio82@illinois.edu,Female,126.204.33.124
292,Richard,MacIan,rmacian83@slashdot.org,Male,210.137.158.24
293,Nonie,Crommett,ncrommett84@typepad.com,Female,71.128.102.27
294,Henderson,Sporton,hsporton85@ask.com,Male,79.214.187.186
295,Malchy,Kinny,mkinny86@imdb.com,Male,126.119.141.0
296,Nathalia,Poston,nposton87@hc360.com,Female,245.205.129.106
297,Timi,Eddington,teddington88@weibo.com,Female,233.173.11.6
298,Britteny,Findlow,bfindlow89@cloudflare.com,Female,103.80.56.183
299,Franz,Annatt,fannatt8a@flavors.me,Male,156.1.69.207
300,Wendie,Flowerden,wflowerden8b@howstuffworks.com,Female,40.189.72.121
301,Archer,Philpot,aphilpot8c@gmpg.org,Male,98.121.73.30
302,Florian,Siddeley,fsiddeley8d@alexa.com,Male,241.111.68.117
303,Jethro,McQuilliam,jmcquilliam8e@icq.com,Male,128.196.56.145
304,Keane,Standfield,kstandfield8f@dmoz.org,Male,39.142.142.171
305,Axel,Swanborough,aswanborough8g@wufoo.com,Male,201.181.198.210
306,Colver,Enders,cenders8h@mapy.cz,Male,109.125.203.38
307,Padgett,Kingzet,pkingzet8i@ask.com,Male,48.234.194.160
308,Marys,Snyder,msnyder8j@blogger.com,Female,204.93.177.10
309,Yorke,Lavalle,ylavalle8k@plala.or.jp,Male,226.128.2.67
310,Aindrea,Rostron,arostron8l@latimes.com,Female,49.45.32.121
311,Rik,Durnford,rdurnford8m@theglobeandmail.com,Male,64.62.252.65
312,Cathleen,Pavolini,cpavolini8n@ask.com,Female,132.101.247.24
313,Jeniffer,Balas,jbalas8o@delicious.com,Female,226.47.36.123
314,Joshuah,Lashbrook,jlashbrook8p@printfriendly.com,Male,81.81.14.84
315,Weber,Gammie,wgammie8q@dell.com,Male,125.230.73.208
316,Felike,Jorn,fjorn8r@hp.com,Male,201.148.234.51
317,Ginnifer,Goalby,ggoalby8s@eepurl.com,Female,194.174.135.150
318,Ezra,Purse,epurse8t@usnews.com,Male,203.178.242.91
319,Gustie,Clare,gclare8u@pinterest.com,Female,116.196.4.80
320,Masha,Aiken,maiken8v@cbc.ca,Female,186.29.37.97
321,Delano,Ortiger,dortiger8w@multiply.com,Male,157.206.195.108
322,Kermit,Galway,kgalway8x@mtv.com,Male,89.114.123.85
323,Christabel,Bonnier,cbonnier8y@google.fr,Female,150.65.161.3
324,Ibrahim,Muffen,imuffen8z@oakley.com,Male,179.83.23.167
325,Archambault,MacCallester,amaccallester90@linkedin.com,Male,134.233.40.141
326,Leeanne,Kelle,lkelle91@about.me,Female,79.25.161.222
327,Siana,Busain,sbusain92@amazon.de,Female,23.25.164.124
328,Lissi,Dayborne,ldayborne93@digg.com,Female,155.68.74.69
329,Lanie,Fernao,lfernao94@cmu.edu,Male,47.33.47.50
330,Osbourn,Jagg,ojagg95@yelp.com,Male,99.72.174.79
331,Simeon,Paddy,spaddy96@rediff.com,Male,223.250.140.248
332,Alford,Scheffel,ascheffel97@admin.ch,Male,101.186.228.191
333,Robinia,Spary,rspary98@geocities.jp,Female,173.177.15.45
334,Bartel,Wagnerin,bwagnerin99@geocities.com,Male,7.187.30.57
335,Blondy,Farrance,bfarrance9a@state.gov,Female,97.131.72.120
336,Faunie,Basini-Gazzi,fbasinigazzi9b@google.ru,Female,196.34.70.225
337,Pierrette,Nayer,pnayer9c@delicious.com,Female,59.18.75.78
338,Ezequiel,Tregiddo,etregiddo9d@webeden.co.uk,Male,67.52.23.30
339,Aloysia,Henderson,ahenderson9e@dyndns.org,Female,17.209.186.254
340,Neila,Sawyers,nsawyers9f@yolasite.com,Female,186.214.13.9
341,Kristal,Kubicki,kkubicki9g@weebly.com,Female,148.233.62.131
342,Dionysus,Earie,dearie9h@oaic.gov.au,Male,57.151.33.7
343,Avram,Bushill,abushill9i@symantec.com,Male,75.3.1.97
344,Cassaundra,Crighton,ccrighton9j@blogs.com,Female,106.173.179.7
345,Suzette,Dengate,sdengate9k@pen.io,Female,223.110.154.193
346,Pris,Tench,ptench9l@tuttocitta.it,Female,144.165.183.188
347,Dael,Hanmore,dhanmore9m@domainmarket.com,Male,28.216.54.89
348,Ray,Bebis,rbebis9n@google.com.br,Female,166.166.114.22
349,Vin,Bushell,vbushell9o@clickbank.net,Male,75.84.114.232
350,Luca,Melloy,lmelloy9p@webeden.co.uk,Male,162.106.202.108
351,Dillie,Kerswill,dkerswill9q@indiatimes.com,Male,63.104.165.135
352,Elias,Tappington,etappington9r@examiner.com,Male,82.5.230.226
353,Jerry,Flook,jflook9s@histats.com,Male,92.159.121.170
354,Federico,Coffin,fcoffin9t@noaa.gov,Male,82.112.55.199
355,Micah,Greenman,mgreenman9u@topsy.com,Male,192.236.172.231
356,Binni,Chilvers,bchilvers9v@angelfire.com,Female,30.243.31.230
357,Ruth,Rizzelli,rrizzelli9w@cnbc.com,Female,67.105.60.78
358,Wilmer,McGourty,wmcgourty9x@nature.com,Male,198.1.228.171
359,Cathyleen,Lodin,clodin9y@vinaora.com,Female,122.194.198.192
360,Bar,Cawsy,bcawsy9z@stanford.edu,Male,211.115.112.179
361,Gwyn,Bitchener,gbitchenera0@apache.org,Female,60.96.7.167
362,Myrta,McClean,mmccleana1@cpanel.net,Female,76.225.31.129
363,Jacky,Briddock,jbriddocka2@state.gov,Female,27.68.67.201
364,Gunner,Murfill,gmurfilla3@opensource.org,Male,149.54.25.102
365,Germaine,Stag,gstaga4@ibm.com,Male,240.242.106.255
366,Katee,Yesinov,kyesinova5@blogtalkradio.com,Female,79.120.84.1
367,Salomo,Keener,skeenera6@google.cn,Male,115.98.9.84
368,Shelli,Tommei,stommeia7@examiner.com,Female,19.239.18.180
369,Priscella,Monshall,pmonshalla8@amazon.de,Female,154.224.144.218
370,Gaylor,Fairbeard,gfairbearda9@sbwire.com,Male,202.248.5.40
371,Goran,Kennaway,gkennawayaa@bing.com,Male,83.175.219.29
372,Willey,Ygoe,wygoeab@linkedin.com,Male,145.9.153.203
373,Ina,McMorran,imcmorranac@godaddy.com,Female,107.75.89.4
374,Ariana,Marvell,amarvellad@sphinn.com,Female,173.203.8.80
375,Marge,Alloway,mallowayae@wiley.com,Female,118.1.98.215
376,Joletta,Loughan,jloughanaf@samsung.com,Female,6.196.134.201
377,Jerrold,Saltwell,jsaltwellag@time.com,Male,187.42.70.176
378,Barrett,O'Dulchonta,bodulchontaah@shutterfly.com,Male,206.234.40.98
379,Elden,Manson,emansonai@ucoz.com,Male,13.174.201.27
380,Swen,Lafflina,slafflinaaj@networkadvertising.org,Male,172.245.211.148
381,Tremaine,Wrankmore,twrankmoreak@cafepress.com,Male,129.217.146.148
382,Feliza,Perillio,fperillioal@netscape.com,Female,27.161.133.152
383,Joanie,Lubman,jlubmanam@alexa.com,Female,35.90.88.183
384,Noel,Wharton,nwhartonan@timesonline.co.uk,Female,20.17.154.76
385,Adriena,Corking,acorkingao@washingtonpost.com,Female,215.122.196.195
386,Kat,Kepp,kkeppap@i2i.jp,Female,2.229.205.192
387,Francesco,Kupker,fkupkeraq@mlb.com,Male,101.245.189.129
388,Derick,Shipperbottom,dshipperbottomar@deliciousdays.com,Male,169.67.195.83
389,Gabriel,Scanderet,gscanderetas@engadget.com,Female,38.50.3.105
390,Augie,Acomb,aacombat@amazon.de,Male,147.180.167.80
391,Aldo,Lardiner,alardinerau@army.mil,Male,102.0.87.78
392,Mechelle,Daouze,mdaouzeav@nationalgeographic.com,Female,174.54.58.73
393,Thacher,Hudspith,thudspithaw@ocn.ne.jp,Male,147.191.148.30
394,Sib,MacAvaddy,smacavaddyax@yale.edu,Female,68.253.185.252
395,Donni,Krzysztofiak,dkrzysztofiakay@smh.com.au,Female,200.25.219.112
396,Hadleigh,Solway,hsolwayaz@technorati.com,Male,228.66.201.188
397,Klarrisa,Brandon,kbrandonb0@gnu.org,Female,157.56.174.48
398,Marya,Warr,mwarrb1@usda.gov,Female,65.170.4.65
399,Jens,Clampton,jclamptonb2@mapy.cz,Male,87.234.112.26
400,Ilse,Busst,ibusstb3@vinaora.com,Female,85.250.107.0
401,Janos,Raden,jradenb4@pen.io,Male,230.130.13.75
402,Shirline,Butcher,sbutcherb5@exblog.jp,Female,209.132.64.61
403,Milt,Wiffill,mwiffillb6@sciencedirect.com,Male,178.94.56.229
404,Samaria,Morsey,smorseyb7@biblegateway.com,Female,76.208.251.40
405,Lark,Warmington,lwarmingtonb8@vimeo.com,Female,49.227.68.128
406,Tallou,Brownbridge,tbrownbridgeb9@aboutads.info,Female,119.213.102.223
407,Pascal,Bearward,pbearwardba@canalblog.com,Male,195.147.21.126
408,Mady,Ziemsen,mziemsenbb@nbcnews.com,Female,18.252.84.132
409,Fabio,Dexter,fdexterbc@freewebs.com,Male,212.240.123.67
410,Giorgia,Hegge,gheggebd@hubpages.com,Female,3.224.29.116
411,Morgan,Zollner,mzollnerbe@freewebs.com,Female,232.112.4.211
412,Sue,Kerin,skerinbf@xing.com,Female,4.23.149.198
413,Bertie,Dearn,bdearnbg@walmart.com,Female,86.83.176.187
414,Julee,Jockle,jjocklebh@dmoz.org,Female,124.94.76.19
415,Shea,Wyllie,swylliebi@deviantart.com,Male,69.204.216.174
416,Lil,Patley,lpatleybj@dmoz.org,Female,207.73.53.9
417,Remus,Canfer,rcanferbk@nymag.com,Male,141.176.135.163
418,Roshelle,Puvia,rpuviabl@drupal.org,Female,49.28.124.89
419,Crosby,Garton,cgartonbm@foxnews.com,Male,71.85.200.12
420,Marthena,Domingues,mdominguesbn@freewebs.com,Female,222.138.216.83
421,Tracy,Kleinpeltz,tkleinpeltzbo@irs.gov,Female,7.58.175.223
422,Bruce,Gagg,bgaggbp@skype.com,Male,1.18.73.10
423,Mallory,Viall,mviallbq@businesswire.com,Female,206.40.142.166
424,Terrill,Thring,tthringbr@bigcartel.com,Male,207.83.179.124
425,Lynde,Tiner,ltinerbs@thetimes.co.uk,Female,181.144.3.138
426,Staci,Kovacs,skovacsbt@godaddy.com,Female,250.140.41.158
427,Arie,Poat,apoatbu@trellian.com,Male,229.133.167.79
428,Claiborn,Goodley,cgoodleybv@dell.com,Male,115.248.46.161
429,Isador,Jeakins,ijeakinsbw@sfgate.com,Male,37.146.198.97
430,L;urette,Crabtree,lcrabtreebx@over-blog.com,Female,211.121.201.200
431,Vinita,Abrami,vabramiby@dot.gov,Female,110.61.203.91
432,Murry,Doige,mdoigebz@privacy.gov.au,Male,189.91.110.204
433,Jacklin,Paulley,jpaulleyc0@canalblog.com,Female,200.36.166.13
434,Janis,Jodlkowski,jjodlkowskic1@ted.com,Female,228.199.1.234
435,Basilius,Glader,bgladerc2@tripadvisor.com,Male,43.238.2.72
436,Alfred,Aland,aalandc3@nasa.gov,Male,197.102.111.201
437,Zora,Coneybeare,zconeybearec4@plala.or.jp,Female,225.230.142.198
438,Kimble,O'Fielly,kofiellyc5@prnewswire.com,Male,158.43.100.196
439,Emmanuel,Tremoulet,etremouletc6@jugem.jp,Male,23.108.116.227
440,Carry,Trewinnard,ctrewinnardc7@domainmarket.com,Female,205.241.179.86
441,Biron,Leband,blebandc8@photobucket.com,Male,75.244.74.214
442,Ysabel,Standage,ystandagec9@mac.com,Female,166.252.213.157
443,Noll,Dole,ndoleca@cargocollective.com,Male,203.184.96.194
444,Jo,Ostridge,jostridgecb@ifeng.com,Female,156.109.174.68
445,Chastity,Chstney,cchstneycc@flavors.me,Female,246.18.93.88
446,Cullin,Rieme,criemecd@blogs.com,Male,165.253.4.21
447,Neils,Monk,nmonkce@sbwire.com,Male,253.115.15.230
448,Valery,Cummine,vcumminecf@macromedia.com,Female,74.71.224.38
449,Minne,Rountree,mrountreecg@vimeo.com,Female,36.209.230.107
450,Sile,Covely,scovelych@mlb.com,Female,197.156.55.19
451,Gregorius,Burtwell,gburtwellci@so-net.ne.jp,Male,137.232.122.68
452,Joni,Lindenbaum,jlindenbaumcj@wordpress.com,Female,219.0.137.207
453,Matthus,Paffot,mpaffotck@utexas.edu,Male,114.84.222.246
454,Joseph,Measen,jmeasencl@independent.co.uk,Male,72.98.46.230
455,Rich,Binder,rbindercm@issuu.com,Male,99.111.57.123
456,Thibaut,Aysh,tayshcn@columbia.edu,Male,28.210.69.71
457,Lyndel,MacAlees,lmacaleesco@columbia.edu,Female,229.72.15.171
458,Amble,Hayley,ahayleycp@latimes.com,Male,3.147.11.168
459,Geoff,Nelsey,gnelseycq@twitpic.com,Male,100.159.224.243
460,Denys,Cafe,dcafecr@alibaba.com,Male,166.187.35.128
461,Miller,Ashbridge,mashbridgecs@fastcompany.com,Male,21.93.25.110
462,Aldin,Abbyss,aabbyssct@businessinsider.com,Male,190.192.187.179
463,Cordy,Weakley,cweakleycu@desdev.cn,Male,141.18.14.168
464,Kimmi,Dowse,kdowsecv@sohu.com,Female,84.173.47.45
465,Egor,Jossel,ejosselcw@dot.gov,Male,212.67.17.94
466,Carmella,Tamsett,ctamsettcx@blogtalkradio.com,Female,193.46.176.182
467,Sherlocke,Grishelyov,sgrishelyovcy@wisc.edu,Male,138.50.118.188
468,Kaiser,Brickstock,kbrickstockcz@1688.com,Male,165.4.51.140
469,Lyn,Arntzen,larntzend0@virginia.edu,Male,60.163.126.157
470,Ricky,Curnnokk,rcurnnokkd1@go.com,Male,185.191.170.220
471,Muriel,Philipard,mphilipardd2@house.gov,Female,6.80.79.71
472,Juditha,Orpwood,jorpwoodd3@craigslist.org,Female,175.166.57.148
473,Sasha,Ivins,sivinsd4@acquirethisname.com,Male,252.11.13.30
474,Kathleen,Ashton,kashtond5@msn.com,Female,199.101.26.65
475,Lem,Quinet,lquinetd6@usda.gov,Male,201.210.207.210
476,Kenon,Aveling,kavelingd7@de.vu,Male,210.210.6.144
477,Angel,Cockin,acockind8@hostgator.com,Female,140.3.65.18
478,Cassie,O'Geaney,cogeaneyd9@disqus.com,Female,58.250.167.103
479,Emili,Dicke,edickeda@businessweek.com,Female,15.9.229.29
480,Bondie,Camelli,bcamellidb@yandex.ru,Male,89.117.44.168
481,Sidney,Elwyn,selwyndc@over-blog.com,Male,7.143.39.146
482,Lyndsay,Di Bartolomeo,ldibartolomeodd@netlog.com,Female,89.193.181.189
483,Diane-marie,Di Dello,ddidellode@biglobe.ne.jp,Female,236.213.137.187
484,Harmonie,Blunt,hbluntdf@addthis.com,Female,34.8.78.232
485,Sammie,Cowdry,scowdrydg@wiley.com,Male,145.154.193.43
486,Porty,Grzesiewicz,pgrzesiewiczdh@google.nl,Male,64.235.247.161
487,Emmett,Salsberg,esalsbergdi@marketwatch.com,Male,14.8.59.127
488,Kele,Canby,kcanbydj@ning.com,Male,219.237.22.96
489,Rochella,Lathwell,rlathwelldk@ucla.edu,Female,244.26.204.138
490,Maddalena,Ciepluch,mciepluchdl@fotki.com,Female,92.56.123.46
491,Tami,Ramelot,tramelotdm@moonfruit.com,Female,50.143.189.116
492,Ivory,Raddenbury,iraddenburydn@elegantthemes.com,Female,34.222.153.178
493,Gerrard,McGibbon,gmcgibbondo@illinois.edu,Male,242.193.34.250
494,Ynes,Chart,ychartdp@va.gov,Female,106.98.185.233
495,Anthia,McGrae,amcgraedq@msn.com,Female,202.204.199.73
496,Maible,Tryme,mtrymedr@epa.gov,Female,93.223.90.81
497,Yuma,Mityushkin,ymityushkinds@linkedin.com,Male,197.32.243.115
498,Berne,Matteau,bmatteaudt@pbs.org,Male,14.153.210.243
499,Pamelina,Bust,pbustdu@hugedomains.com,Female,55.41.218.164
500,Cy,Sidnell,csidnelldv@is.gd,Male,233.18.1.74
501,Anthony,Ambrosini,aambrosinidw@prlog.org,Male,71.252.59.74
502,Adriena,Balfour,abalfourdx@mashable.com,Female,12.79.29.81
503,Agneta,Sabberton,asabbertondy@umn.edu,Female,190.112.55.46
504,Willow,Bonus,wbonusdz@usda.gov,Female,165.202.68.215
505,Fraser,Perott,fperotte0@nba.com,Male,101.85.132.32
506,Meade,Geekie,mgeekiee1@surveymonkey.com,Male,251.46.13.78
507,Claudie,Whitehead,cwhiteheade2@about.com,Female,215.14.15.241
508,Ignace,Tolfrey,itolfreye3@berkeley.edu,Male,173.242.97.186
509,Chantal,Neising,cneisinge4@sakura.ne.jp,Female,111.177.190.125
510,Jo,Gietz,jgietze5@go.com,Male,16.116.233.51
511,Harri,Fishley,hfishleye6@ihg.com,Female,18.251.14.127
512,Linnell,Rallinshaw,lrallinshawe7@live.com,Female,7.199.154.140
513,Sheelagh,Condit,scondite8@mysql.com,Female,155.11.199.158
514,Friedrich,Naismith,fnaismithe9@unicef.org,Male,107.43.90.94
515,Jerrilee,Osbourn,josbournea@edublogs.org,Female,148.105.26.156
516,Roseanna,Worvill,rworvilleb@ocn.ne.jp,Female,167.40.127.76
517,Bird,MacFaul,bmacfaulec@surveymonkey.com,Female,120.175.252.59
518,Tabby,Colliber,tcollibered@php.net,Female,42.89.144.148
519,Rubi,Meek,rmeekee@weibo.com,Female,114.149.35.66
520,Susanetta,Southwick,ssouthwickef@pcworld.com,Female,2.205.15.126
521,Alexia,Fanstone,afanstoneeg@ox.ac.uk,Female,109.215.6.98
522,Giles,Rigmand,grigmandeh@si.edu,Male,45.79.55.54
523,Marcel,Lansdowne,mlansdowneei@example.com,Male,219.28.63.170
524,Katrina,Losebie,klosebieej@hud.gov,Female,58.51.92.185
525,Aurel,Orange,aorangeek@dion.ne.jp,Female,231.1.65.233
526,Jayson,Nelles,jnellesel@vinaora.com,Male,207.156.36.150
527,Roy,Garrud,rgarrudem@netscape.com,Male,229.191.38.79
528,Gerard,Sambrok,gsambroken@theguardian.com,Male,121.31.143.204
529,Dela,Beames,dbeameseo@ycombinator.com,Female,35.180.41.20
530,Percival,Gorick,pgorickep@businessweek.com,Male,35.250.74.40
531,Clair,Gerriet,cgerrieteq@spotify.com,Male,156.65.32.183
532,Hermann,Checcuzzi,hcheccuzzier@nyu.edu,Male,9.183.13.42
533,Noak,Pernell,npernelles@example.com,Male,157.172.42.154
534,Beulah,Frier,bfrieret@imdb.com,Female,77.216.252.65
535,Raymund,Brandreth,rbrandretheu@kickstarter.com,Male,200.227.232.177
536,Helen,Candey,hcandeyev@comsenz.com,Female,159.23.219.230
537,Trix,McIlvoray,tmcilvorayew@europa.eu,Female,13.78.64.152
538,Alejandra,Dunckley,adunckleyex@sun.com,Female,121.195.18.28
539,Reinaldos,Craighead,rcraigheadey@networkadvertising.org,Male,210.51.43.2
540,Abby,Howes,ahowesez@cpanel.net,Female,44.12.123.157
541,Joye,MacGibbon,jmacgibbonf0@cloudflare.com,Female,36.54.48.187
542,Rudolfo,Jarrell,rjarrellf1@wix.com,Male,144.108.176.178
543,Kelley,O'Fearguise,kofearguisef2@spotify.com,Male,155.146.119.144
544,Welbie,Wisker,wwiskerf3@chronoengine.com,Male,252.200.67.106
545,Bili,Malloch,bmallochf4@free.fr,Female,80.103.155.154
546,Ali,Firth,afirthf5@imgur.com,Female,179.64.132.109
547,Kara-lynn,Steele,ksteelef6@xrea.com,Female,67.55.160.30
548,Foss,Croxall,fcroxallf7@nifty.com,Male,232.176.253.42
549,Darryl,Towler,dtowlerf8@unc.edu,Male,183.31.23.17
550,Demetrius,McCrum,dmccrumf9@sfgate.com,Male,79.174.179.96
551,Gallard,Isacke,gisackefa@discuz.net,Male,148.34.20.175
552,Korella,Danielli,kdaniellifb@house.gov,Female,169.15.156.137
553,Cherie,Abeles,cabelesfc@sciencedirect.com,Female,114.39.42.140
554,Costa,Dyka,cdykafd@istockphoto.com,Male,8.210.42.68
555,Elinor,Collomosse,ecollomossefe@unc.edu,Female,30.176.243.153
556,Stanton,Gillingham,sgillinghamff@sciencedirect.com,Male,10.69.170.81
557,Violette,Bargery,vbargeryfg@cyberchimps.com,Female,93.167.25.252
558,Charline,Bonifacio,cbonifaciofh@google.co.uk,Female,28.102.39.116
559,Benn,Vallender,bvallenderfi@arstechnica.com,Male,178.88.162.163
560,Van,Derrick,vderrickfj@webmd.com,Female,80.218.65.176
561,Lock,Tonkes,ltonkesfk@goo.gl,Male,202.185.154.145
562,Abbott,Gravy,agravyfl@netvibes.com,Male,168.43.223.31
563,Dante,Maggill'Andreis,dmaggillandreisfm@vinaora.com,Male,65.57.208.223
564,Talbert,Kassidy,tkassidyfn@shareasale.com,Male,177.118.86.59
565,Zia,Blodg,zblodgfo@booking.com,Female,166.63.252.199
566,Lucias,Woltman,lwoltmanfp@ucoz.ru,Male,16.147.88.132
567,Rachael,Hurler,rhurlerfq@soup.io,Female,83.152.68.102
568,Antoinette,Widmore,awidmorefr@apple.com,Female,52.49.121.187
569,Care,Brisse,cbrissefs@acquirethisname.com,Male,139.3.93.169
570,Elyse,Macbane,emacbaneft@mayoclinic.com,Female,1.105.137.11
571,Stacee,Bohlmann,sbohlmannfu@archive.org,Male,24.103.14.81
572,Ewell,Benech,ebenechfv@disqus.com,Male,164.5.143.58
573,Nerti,Seabrook,nseabrookfw@csmonitor.com,Female,249.141.221.203
574,Georgine,Parade,gparadefx@npr.org,Female,54.32.151.45
575,Pier,Challiner,pchallinerfy@netscape.com,Female,44.78.70.147
576,Dara,Vicar,dvicarfz@phoca.cz,Female,185.155.140.39
577,Corrinne,Weatherhill,cweatherhillg0@businessinsider.com,Female,68.218.48.5
578,Bernie,O'Halloran,bohallorang1@usa.gov,Male,211.151.144.206
579,Monroe,Gamwell,mgamwellg2@soundcloud.com,Male,156.33.159.60
580,Torey,Croke,tcrokeg3@fastcompany.com,Female,77.174.212.235
581,Gennie,Henniger,ghennigerg4@parallels.com,Female,9.142.194.140
582,Gladys,Knotton,gknottong5@360.cn,Female,16.146.183.28
583,May,Ivantsov,mivantsovg6@storify.com,Female,34.233.188.132
584,Rosette,Byres,rbyresg7@umn.edu,Female,34.116.98.27
585,Maddie,Lanning,mlanningg8@weather.com,Female,4.138.193.63
586,Bessy,Scarsbrick,bscarsbrickg9@mozilla.com,Female,114.120.224.237
587,Bella,Stachini,bstachiniga@theglobeandmail.com,Female,152.65.149.137
588,Jacquenetta,Kenshole,jkensholegb@narod.ru,Female,80.230.196.179
589,Ambrosius,Murton,amurtongc@google.fr,Male,5.83.165.140
590,Ray,Elen,relengd@accuweather.com,Female,192.199.8.250
591,Bernetta,Baudains,bbaudainsge@answers.com,Female,0.219.31.24
592,Suzette,Boulstridge,sboulstridgegf@google.ca,Female,160.24.205.180
593,Rod,Paoletti,rpaolettigg@uiuc.edu,Male,179.63.15.214
594,Lynnell,Piper,lpipergh@nba.com,Female,46.45.194.25
595,Francisco,Stollberg,fstollberggi@tmall.com,Male,194.220.113.177
596,Keir,Zanuciolii,kzanucioliigj@soundcloud.com,Male,219.40.152.153
597,Augie,Glandon,aglandongk@etsy.com,Male,181.48.91.168
598,Owen,Stannis,ostannisgl@livejournal.com,Male,233.252.65.111
599,Dari,Seger,dsegergm@freewebs.com,Female,112.247.22.38
600,Phyllida,Glandon,pglandongn@nydailynews.com,Female,81.41.231.66
601,Irita,Abrahart,iabrahartgo@example.com,Female,32.249.234.165
602,Christean,Iggalden,ciggaldengp@51.la,Female,183.60.131.202
603,Teri,Hitzke,thitzkegq@discuz.net,Female,233.103.135.22
604,Alisha,Cobello,acobellogr@npr.org,Female,156.162.68.151
605,Dario,Jepp,djeppgs@howstuffworks.com,Male,150.44.213.170
606,Gustav,Delaney,gdelaneygt@dell.com,Male,49.23.83.153
607,Amity,Burnet,aburnetgu@yellowbook.com,Female,117.34.81.121
608,Tana,Davydychev,tdavydychevgv@mediafire.com,Female,121.111.42.224
609,Maximo,Westmacott,mwestmacottgw@netscape.com,Male,161.248.184.45
610,Hunfredo,Fraser,hfrasergx@live.com,Male,179.122.43.83
611,Blanche,Tooth,btoothgy@dagondesign.com,Female,108.184.138.101
612,Eddie,Bankhurst,ebankhurstgz@exblog.jp,Female,143.166.235.177
613,Nathanial,Boath,nboathh0@unblog.fr,Male,82.50.251.235
614,Ogden,Towll,otowllh1@wordpress.org,Male,245.138.200.32
615,Hillard,Sharnock,hsharnockh2@oracle.com,Male,133.29.168.70
616,Suzi,Marley,smarleyh3@paginegialle.it,Female,154.76.61.86
617,Dion,MacKimmie,dmackimmieh4@hostgator.com,Male,100.249.135.238
618,Ninnetta,Chafney,nchafneyh5@phoca.cz,Female,201.240.67.41
619,Wendel,Pilipyak,wpilipyakh6@technorati.com,Male,89.107.198.207
620,Domini,Barenskie,dbarenskieh7@sakura.ne.jp,Female,156.148.5.137
621,Annecorinne,Kasperski,akasperskih8@theguardian.com,Female,215.185.125.78
622,Gareth,Dowey,gdoweyh9@pbs.org,Male,109.223.114.103
623,Bastian,Jillis,bjillisha@networkadvertising.org,Male,212.62.141.61
624,Irene,Beaford,ibeafordhb@gmpg.org,Female,38.234.11.50
625,Phyllis,Aylin,paylinhc@narod.ru,Female,21.73.176.130
626,Haley,Fawlo,hfawlohd@chronoengine.com,Female,119.168.115.167
627,Burnaby,Dowse,bdowsehe@microsoft.com,Male,61.116.249.11
628,Coral,Bentje,cbentjehf@nationalgeographic.com,Female,55.217.162.220
629,Prudi,Sneesby,psneesbyhg@surveymonkey.com,Female,233.194.245.163
630,Jacky,Domokos,jdomokoshh@go.com,Male,108.47.54.243
631,Dulciana,Grassin,dgrassinhi@samsung.com,Female,174.51.174.180
632,Patti,Fetherby,pfetherbyhj@gov.uk,Female,53.203.96.82
633,Annabell,Shallo,ashallohk@walmart.com,Female,143.241.128.215
634,Briano,Sandle,bsandlehl@aboutads.info,Male,209.169.59.190
635,Tomlin,Hatherall,thatherallhm@webmd.com,Male,159.37.191.36
636,Waldon,Vicioso,wviciosohn@wikipedia.org,Male,168.171.115.135
637,Enrika,Pley,epleyho@myspace.com,Female,71.19.174.178
638,Lennard,McInulty,lmcinultyhp@nps.gov,Male,202.104.116.250
639,Laure,Roostan,lroostanhq@disqus.com,Female,195.65.228.188
640,Josy,Dimsdale,jdimsdalehr@stumbleupon.com,Female,110.100.135.145
641,Noami,Rubinsky,nrubinskyhs@barnesandnoble.com,Female,182.47.208.74
642,Lydie,Ellerby,lellerbyht@china.com.cn,Female,33.99.148.85
643,Aile,Kent,akenthu@salon.com,Female,173.184.188.157
644,Vinnie,Dorward,vdorwardhv@oaic.gov.au,Female,7.179.205.108
645,Frannie,Osbaldstone,fosbaldstonehw@hatena.ne.jp,Female,155.198.54.235
646,Wilona,Jeaffreson,wjeaffresonhx@state.tx.us,Female,188.225.54.16
647,Frazer,Spilisy,fspilisyhy@globo.com,Male,86.238.110.226
648,Alyson,Bownde,abowndehz@washingtonpost.com,Female,204.100.28.182
649,Marylynne,Skull,mskulli0@eventbrite.com,Female,207.70.61.85
650,Aurlie,Gogin,agogini1@gov.uk,Female,244.59.128.14
651,Yehudi,Dorkin,ydorkini2@bloomberg.com,Male,4.220.249.132
652,Warner,Rudgerd,wrudgerdi3@i2i.jp,Male,204.48.186.72
653,Tam,Halliberton,thallibertoni4@newsvine.com,Male,193.145.6.110
654,Nonnah,Letty,nlettyi5@yelp.com,Female,178.164.119.54
655,Pollyanna,Idenden,pidendeni6@topsy.com,Female,63.54.11.31
656,Melany,Beach,mbeachi7@issuu.com,Female,95.158.1.232
657,Bryana,Dick,bdicki8@addthis.com,Female,121.115.40.144
658,Caryn,Brislawn,cbrislawni9@mit.edu,Female,16.166.86.80
659,Hanan,Bowen,hbowenia@ocn.ne.jp,Male,201.209.97.34
660,Honey,Addison,haddisonib@latimes.com,Female,171.89.162.226
661,Kally,Blakely,kblakelyic@google.pl,Female,208.57.118.36
662,Adams,Richel,arichelid@netlog.com,Male,113.178.39.109
663,Brittney,Dagnall,bdagnallie@blogger.com,Female,189.55.190.177
664,Forrester,Grinaway,fgrinawayif@flavors.me,Male,188.82.96.86
665,Concordia,Heard,cheardig@usgs.gov,Female,4.28.242.188
666,Maryann,McGorman,mmcgormanih@hubpages.com,Female,151.213.130.206
667,Marielle,Misson,mmissonii@ftc.gov,Female,235.24.162.112
668,Maximilianus,Pfaffe,mpfaffeij@redcross.org,Male,38.219.105.52
669,Livvyy,Eannetta,leannettaik@fastcompany.com,Female,89.216.68.76
670,Freddy,Doley,fdoleyil@mapy.cz,Male,48.134.222.41
671,Alfredo,Cuncliffe,acuncliffeim@dedecms.com,Male,220.204.38.62
672,Hasheem,Sacco,hsaccoin@about.com,Male,160.252.66.80
673,Collie,Coolson,ccoolsonio@nih.gov,Female,81.109.104.227
674,Morgen,Reimer,mreimerip@ezinearticles.com,Male,123.130.70.83
675,Fredrick,Readie,freadieiq@redcross.org,Male,36.135.89.166
676,Levy,Book,lbookir@instagram.com,Male,118.125.102.118
677,Waneta,Gabbat,wgabbatis@ihg.com,Female,187.39.71.54
678,Emiline,Purches,epurchesit@purevolume.com,Female,67.228.188.240
679,Giacobo,Brandenburg,gbrandenburgiu@is.gd,Male,159.45.202.118
680,Myriam,Granville,mgranvilleiv@instagram.com,Female,189.48.12.247
681,Isidore,Moorton,imoortoniw@skyrock.com,Male,155.103.125.37
682,Gardner,Baggally,gbaggallyix@smugmug.com,Male,126.187.206.117
683,Linnell,Hallin,lhalliniy@amazon.com,Female,248.75.189.88
684,Roseann,MacAlaster,rmacalasteriz@flickr.com,Female,21.52.105.7
685,Garey,Challin,gchallinj0@instagram.com,Male,237.226.187.101
686,Querida,Scaice,qscaicej1@google.it,Female,71.228.29.30
687,Rodrique,Toor,rtoorj2@cyberchimps.com,Male,217.222.49.1
688,Yvonne,Winyard,ywinyardj3@plala.or.jp,Female,129.149.7.102
689,Lind,Kellert,lkellertj4@va.gov,Male,217.75.48.157
690,Audi,Pettyfer,apettyferj5@cornell.edu,Female,209.110.67.148
691,Regan,Cramp,rcrampj6@imageshack.us,Female,222.6.108.247
692,Gwyneth,Blesli,gbleslij7@hibu.com,Female,192.75.102.182
693,Charmaine,Ugoletti,cugolettij8@sun.com,Female,166.195.39.36
694,Elaina,Razoux,erazouxj9@nytimes.com,Female,52.191.246.231
695,Sharon,Aldous,saldousja@businesswire.com,Female,105.137.200.217
696,Terrye,Symson,tsymsonjb@guardian.co.uk,Female,150.79.140.114
697,Kamilah,Rosebotham,krosebothamjc@xing.com,Female,41.109.93.34
698,Olenka,Prydden,opryddenjd@xinhuanet.com,Female,35.74.235.48
699,Darsey,Lipscombe,dlipscombeje@macromedia.com,Female,9.186.104.22
700,Estevan,Skillings,eskillingsjf@seattletimes.com,Male,220.184.240.45
701,Hamel,Sitlinton,hsitlintonjg@xing.com,Male,47.91.210.37
702,Alric,Collisson,acollissonjh@infoseek.co.jp,Male,209.135.128.225
703,Bettye,McRill,bmcrillji@purevolume.com,Female,41.235.20.54
704,Leena,Shurlock,lshurlockjj@cdc.gov,Female,153.132.79.39
705,Karola,Himsworth,khimsworthjk@usatoday.com,Female,121.182.25.213
706,Willetta,Howland,whowlandjl@imgur.com,Female,101.114.202.48
707,Rorke,Steffens,rsteffensjm@unicef.org,Male,128.15.83.206
708,Feodora,Freyn,ffreynjn@opensource.org,Female,67.175.150.139
709,Margalo,Olivera,moliverajo@topsy.com,Female,176.89.53.95
710,Jami,Espinheira,jespinheirajp@addthis.com,Female,41.109.67.174
711,Alaine,Dimbleby,adimblebyjq@accuweather.com,Female,81.93.199.106
712,Kerrin,Silvermann,ksilvermannjr@webeden.co.uk,Female,145.117.222.81
713,Petey,Blanche,pblanchejs@ftc.gov,Male,104.221.104.38
714,Justin,Bisson,jbissonjt@about.com,Male,149.48.151.214
715,Bobette,Itscovitz,bitscovitzju@adobe.com,Female,57.97.102.145
716,Jelene,Rubinsky,jrubinskyjv@wp.com,Female,23.102.28.181
717,Jaimie,Pacey,jpaceyjw@washingtonpost.com,Male,127.54.223.241
718,Hamel,Cuel,hcueljx@aboutads.info,Male,199.6.4.152
719,Kristin,Bartoloma,kbartolomajy@google.co.uk,Female,90.111.216.232
720,Cordey,Veljes,cveljesjz@symantec.com,Female,191.26.231.53
721,Erny,Fahrenbach,efahrenbachk0@canalblog.com,Male,120.45.196.0
722,Rollin,Hardesty,rhardestyk1@wp.com,Male,244.22.63.85
723,Baxy,Dunsford,bdunsfordk2@java.com,Male,184.84.105.153
724,Hermia,Turbard,hturbardk3@geocities.jp,Female,155.47.80.116
725,Odella,Pauncefort,opauncefortk4@artisteer.com,Female,31.247.159.90
726,Gregoor,Joyson,gjoysonk5@techcrunch.com,Male,12.209.86.14
727,Kit,Kerfod,kkerfodk6@ox.ac.uk,Male,63.197.95.48
728,Jacques,Grigoroni,jgrigoronik7@si.edu,Male,53.46.29.9
729,Ferdinande,Fairest,ffairestk8@bloglovin.com,Female,246.250.215.7
730,Eleonore,Matushenko,ematushenkok9@gmpg.org,Female,11.20.139.206
731,Pascale,Kuzemka,pkuzemkaka@list-manage.com,Male,142.214.155.187
732,Darrel,Brendeke,dbrendekekb@yelp.com,Male,61.16.233.207
733,Anatol,Munks,amunkskc@cmu.edu,Male,8.75.52.18
734,Laraine,Osgorby,losgorbykd@yale.edu,Female,189.62.252.232
735,Laurie,Trafford,ltraffordke@ebay.co.uk,Female,177.91.68.79
736,Gian,Tilzey,gtilzeykf@nasa.gov,Male,97.117.77.249
737,Harman,Falck,hfalckkg@mail.ru,Male,110.189.8.41
738,Bryce,Graham,bgrahamkh@ucsd.edu,Male,210.109.251.151
739,Haskell,Jansky,hjanskyki@so-net.ne.jp,Male,155.185.243.152
740,Nilson,Waldram,nwaldramkj@epa.gov,Male,197.179.235.126
741,Ellen,Pavlovic,epavlovickk@mediafire.com,Female,77.243.49.178
742,Shauna,Roden,srodenkl@mail.ru,Female,187.198.78.217
743,Jo-anne,Elliot,jelliotkm@cdbaby.com,Female,207.23.90.249
744,Leo,Wolland,lwollandkn@gov.uk,Male,64.154.129.111
745,Dory,Meddings,dmeddingsko@pagesperso-orange.fr,Female,6.41.159.87
746,Nonnah,Mathivon,nmathivonkp@house.gov,Female,152.180.48.172
747,Crissie,Cristofori,ccristoforikq@patch.com,Female,85.186.40.99
748,Jesse,Betun,jbetunkr@xing.com,Male,223.68.204.6
749,Agnes,Knocker,aknockerks@wix.com,Female,79.232.205.38
750,Rufus,Siddaley,rsiddaleykt@aol.com,Male,205.221.97.38
751,Kania,Boyde,kboydeku@pen.io,Female,26.131.63.144
752,Haroun,Camis,hcamiskv@tumblr.com,Male,132.150.236.158
753,Reg,Brocking,rbrockingkw@odnoklassniki.ru,Male,81.242.89.35
754,Meghan,Garvan,mgarvankx@arstechnica.com,Female,124.87.61.122
755,Vinita,Bawden,vbawdenky@google.pl,Female,32.1.82.206
756,Rollins,Degoe,rdegoekz@nytimes.com,Male,121.166.126.169
757,Ilyssa,Bedle,ibedlel0@indiegogo.com,Female,62.139.106.17
758,Sky,Seif,sseifl1@ezinearticles.com,Male,4.20.234.239
759,Annemarie,Smitton,asmittonl2@t-online.de,Female,13.84.53.116
760,Ansel,O'Scandall,aoscandalll3@ftc.gov,Male,47.4.224.228
761,Kendre,Merrill,kmerrilll4@craigslist.org,Female,216.232.222.89
762,Kahaleel,Huie,khuiel5@chron.com,Male,242.230.158.7
763,Kamilah,Follitt,kfollittl6@furl.net,Female,196.207.104.224
764,Lois,Condict,lcondictl7@thetimes.co.uk,Female,161.231.189.164
765,Natal,Cash,ncashl8@stanford.edu,Male,95.219.160.150
766,Dillie,Davidovici,ddavidovicil9@columbia.edu,Male,36.199.155.109
767,Berkley,Smeeton,bsmeetonla@furl.net,Male,81.169.65.113
768,Steven,Vigne,svignelb@cdbaby.com,Male,61.124.222.236
769,Manolo,Astles,mastleslc@reddit.com,Male,119.165.196.177
770,Osbourn,Healks,ohealksld@imageshack.us,Male,67.242.51.190
771,Lauren,Whiffen,lwhiffenle@admin.ch,Male,104.166.17.214
772,Wally,Thrasher,wthrasherlf@census.gov,Female,30.153.192.166
773,Maureen,Sissot,msissotlg@gizmodo.com,Female,53.179.66.216
774,Goran,Aleksankin,galeksankinlh@dot.gov,Male,210.82.5.19
775,Timmy,Gutherson,tguthersonli@about.me,Female,195.128.171.193
776,Emogene,Dufore,eduforelj@spiegel.de,Female,82.170.124.205
777,Erin,Grellis,egrellislk@baidu.com,Female,124.84.230.99
778,Chiquita,Smeall,csmeallll@w3.org,Female,132.66.19.146
779,Gilles,Erskin,gerskinlm@hubpages.com,Male,134.152.171.233
780,Artur,Plain,aplainln@altervista.org,Male,157.142.55.58
781,Olenka,Coslett,ocoslettlo@bloomberg.com,Female,203.53.251.146
782,Celisse,Beekmann,cbeekmannlp@google.pl,Female,52.252.166.89
783,Eugenia,Wingate,ewingatelq@t.co,Female,83.37.57.171
784,Ricca,Olivo,rolivolr@google.ru,Female,41.167.160.131
785,Joaquin,D'Avaux,jdavauxls@tiny.cc,Male,241.43.214.233
786,Idalia,Bindley,ibindleylt@fda.gov,Female,255.229.249.205
787,Alaine,Falkous,afalkouslu@buzzfeed.com,Female,139.57.5.221
788,Alisha,Ludvigsen,aludvigsenlv@cam.ac.uk,Female,155.115.164.177
789,Kennith,Tender,ktenderlw@1und1.de,Male,152.226.48.150
790,Will,Bodicum,wbodicumlx@tiny.cc,Male,150.208.172.159
791,Colman,Helkin,chelkinly@prnewswire.com,Male,21.212.138.105
792,Arley,Ellerby,aellerbylz@earthlink.net,Male,162.96.120.16
793,Cyb,Impey,cimpeym0@geocities.jp,Female,53.248.59.168
794,Raven,Gervaise,rgervaisem1@boston.com,Female,52.106.15.116
795,Terry,Arghent,targhentm2@irs.gov,Male,69.19.250.246
796,Gerda,Blackeby,gblackebym3@histats.com,Female,120.86.214.146
797,Pembroke,Abthorpe,pabthorpem4@usda.gov,Male,41.209.176.209
798,Mandie,Gurney,mgurneym5@shutterfly.com,Female,85.147.164.108
799,Emmett,Stowgill,estowgillm6@altervista.org,Male,19.252.66.233
800,Antonino,McDuffy,amcduffym7@barnesandnoble.com,Male,113.248.184.32
801,Ansell,Labroue,alabrouem8@flickr.com,Male,136.182.199.198
802,Angel,Gawke,agawkem9@weather.com,Male,89.71.81.226
803,Risa,Heales,rhealesma@flickr.com,Female,225.254.74.36
804,Torey,Swateridge,tswateridgemb@seesaa.net,Female,34.27.175.252
805,Beverlee,Udale,budalemc@java.com,Female,147.244.113.174
806,Benedict,Clohissy,bclohissymd@oakley.com,Male,121.44.149.212
807,Kennie,Peal,kpealme@networksolutions.com,Male,252.240.40.122
808,Patton,Cod,pcodmf@nydailynews.com,Male,165.215.174.214
809,Brok,Wadham,bwadhammg@google.pl,Male,113.176.44.198
810,Booth,Dagg,bdaggmh@intel.com,Male,222.216.217.56
811,Leela,Bagworth,lbagworthmi@printfriendly.com,Female,57.38.161.13
812,Sonny,Leguay,sleguaymj@parallels.com,Male,133.54.106.54
813,Robers,Karsh,rkarshmk@163.com,Male,71.216.173.43
814,Nady,Spencers,nspencersml@lycos.com,Female,39.49.63.14
815,Patin,Pile,ppilemm@issuu.com,Male,99.121.252.94
816,Shelba,Troy,stroymn@tripod.com,Female,95.64.231.232
817,Filide,Cass,fcassmo@altervista.org,Female,54.112.70.143
818,Byrann,Curnick,bcurnickmp@flavors.me,Male,130.166.133.217
819,Siward,Bottleson,sbottlesonmq@tuttocitta.it,Male,39.108.131.189
820,Marcellus,O'Fielly,mofiellymr@liveinternet.ru,Male,9.222.20.251
821,Ray,Surgeon,rsurgeonms@hibu.com,Female,188.123.203.212
822,Kevan,Yarn,kyarnmt@cdbaby.com,Male,57.107.168.252
823,Ally,Ryce,arycemu@yellowbook.com,Female,0.88.6.17
824,Amalie,Barkly,abarklymv@nydailynews.com,Female,210.6.20.28
825,Lindy,Ledward,lledwardmw@netvibes.com,Female,164.76.41.129
826,Thea,Searl,tsearlmx@yale.edu,Female,154.125.127.121
827,Gus,Hebditch,ghebditchmy@senate.gov,Male,179.111.78.203
828,Laughton,Clinton,lclintonmz@nifty.com,Male,184.225.40.54
829,Brita,McGarrahan,bmcgarrahann0@feedburner.com,Female,99.56.191.73
830,Konstantine,Bergeau,kbergeaun1@twitter.com,Male,177.184.122.64
831,Saree,Linneman,slinnemann2@a8.net,Female,21.16.32.163
832,Callean,Scrivinor,cscrivinorn3@prweb.com,Male,226.152.190.52
833,Matthias,Tills,mtillsn4@alibaba.com,Male,7.24.207.214
834,Alexandra,Boram,aboramn5@nytimes.com,Female,150.131.240.132
835,Nada,Sink,nsinkn6@bravesites.com,Female,25.27.22.88
836,Clarissa,Steuart,csteuartn7@seesaa.net,Female,17.179.115.19
837,Stanislas,Coleborn,scolebornn8@upenn.edu,Male,50.203.59.115
838,Katrine,Huc,khucn9@com.com,Female,35.148.47.207
839,Nyssa,Haydn,nhaydnna@dropbox.com,Female,58.235.254.201
840,Jerrilyn,Siemons,jsiemonsnb@sakura.ne.jp,Female,184.84.200.185
841,Babara,Kerwick,bkerwicknc@marketwatch.com,Female,148.13.180.98
842,Marchall,Bradberry,mbradberrynd@jugem.jp,Male,151.33.6.146
843,Celesta,Drews,cdrewsne@vinaora.com,Female,196.56.224.96
844,Sansone,Sweetenham,ssweetenhamnf@studiopress.com,Male,99.120.199.89
845,Spense,Baurerich,sbaurerichng@yahoo.com,Male,60.102.113.246
846,Claudetta,Beazey,cbeazeynh@psu.edu,Female,41.164.193.217
847,Alejoa,Rushmare,arushmareni@sciencedaily.com,Male,120.180.67.128
848,Hilliard,Deverale,hdeveralenj@elpais.com,Male,169.115.148.147
849,Vasily,Maskell,vmaskellnk@wikia.com,Male,78.97.218.219
850,Calvin,Powis,cpowisnl@whitehouse.gov,Male,151.167.251.61
851,Dolorita,Gatley,dgatleynm@ow.ly,Female,233.205.35.16
852,Ave,Tointon,atointonnn@mozilla.org,Male,166.51.123.0
853,Darb,Collicott,dcollicottno@china.com.cn,Female,149.162.192.46
854,Hy,Cross,hcrossnp@spiegel.de,Male,65.161.255.120
855,Lyon,Le Count,llecountnq@prweb.com,Male,189.186.110.101
856,Valentine,Reilingen,vreilingennr@elegantthemes.com,Male,103.131.4.181
857,Ham,Nanson,hnansonns@marriott.com,Male,34.72.231.146
858,Worth,Fellnee,wfellneent@tinypic.com,Male,181.49.128.60
859,Rhea,Haseldine,rhaseldinenu@netscape.com,Female,19.53.60.132
860,Vanessa,Purcer,vpurcernv@spotify.com,Female,85.187.26.14
861,Upton,Eden,uedennw@slashdot.org,Male,194.33.224.131
862,Teresita,Vanes,tvanesnx@bloglines.com,Female,149.153.92.196
863,Seline,Talby,stalbyny@tinyurl.com,Female,41.105.157.160
864,Kristin,MacGahy,kmacgahynz@state.gov,Female,88.45.155.245
865,Noland,Ayars,nayarso0@techcrunch.com,Male,238.175.157.16
866,Zabrina,Pesticcio,zpesticcioo1@cargocollective.com,Female,153.35.91.16
867,Townie,Giannasi,tgiannasio2@pen.io,Male,71.163.190.116
868,Emeline,Nollet,enolleto3@google.de,Female,13.80.251.67
869,Yoshiko,Mustard,ymustardo4@trellian.com,Female,201.104.152.3
870,Giordano,Janton,gjantono5@shinystat.com,Male,59.4.129.42
871,Simona,Eccles,seccleso6@histats.com,Female,84.160.29.138
872,Jessi,Routley,jroutleyo7@google.nl,Female,70.25.50.67
873,Dolores,Brandle,dbrandleo8@dagondesign.com,Female,213.177.123.90
874,Romeo,Aldersey,ralderseyo9@theglobeandmail.com,Male,74.26.63.139
875,Claudetta,Kiledal,ckiledaloa@fda.gov,Female,27.242.92.5
876,Hasty,Rhymer,hrhymerob@hhs.gov,Male,54.97.44.30
877,Eleen,Genever,egeneveroc@imageshack.us,Female,134.154.31.0
878,Forester,Donavan,fdonavanod@vimeo.com,Male,226.88.133.21
879,Antoine,Amoore,aamooreoe@chicagotribune.com,Male,188.108.179.98
880,Jessica,Senecaux,jsenecauxof@hhs.gov,Female,185.28.190.203
881,Urbano,Du Hamel,uduhamelog@scientificamerican.com,Male,134.160.29.155
882,Chick,Uebel,cuebeloh@so-net.ne.jp,Male,36.5.221.215
883,Aigneis,Fronczak,afronczakoi@wikia.com,Female,135.99.8.142
884,Keane,Brigshaw,kbrigshawoj@tuttocitta.it,Male,115.249.121.67
885,Wallie,Fearnside,wfearnsideok@prlog.org,Female,54.91.1.101
886,Selinda,Lampart,slampartol@opensource.org,Female,55.32.121.226
887,Kandace,Touhig,ktouhigom@weather.com,Female,200.216.82.18
888,Viviana,Dooher,vdooheron@latimes.com,Female,246.248.253.117
889,Margareta,Swadon,mswadonoo@ehow.com,Female,11.33.45.81
890,Amos,Yearns,ayearnsop@cnn.com,Male,118.183.192.246
891,Vikki,Cove,vcoveoq@list-manage.com,Female,81.240.251.148
892,Dot,Comford,dcomfordor@amazon.co.jp,Female,128.11.201.174
893,Dorry,Jackman,djackmanos@scientificamerican.com,Female,73.26.152.93
894,Hube,Mammatt,hmammattot@joomla.org,Male,35.44.213.135
895,Artemus,Hoff,ahoffou@flickr.com,Male,122.167.135.221
896,Merv,Bosden,mbosdenov@a8.net,Male,235.122.50.213
897,Leena,Bigglestone,lbigglestoneow@dion.ne.jp,Female,150.131.135.115
898,Chadwick,Garside,cgarsideox@newsvine.com,Male,170.230.114.7
899,Lyman,Blasio,lblasiooy@chron.com,Male,211.42.227.11
900,Hartley,Poulson,hpoulsonoz@senate.gov,Male,123.148.252.25
901,Olin,Regorz,oregorzp0@huffingtonpost.com,Male,122.69.235.63
902,Martie,Shippam,mshippamp1@360.cn,Male,195.250.12.73
903,Imogene,Gemmell,igemmellp2@netscape.com,Female,30.180.137.231
904,Arte,Gwilliam,agwilliamp3@howstuffworks.com,Male,200.45.198.1
905,Ara,Mattersey,amatterseyp4@istockphoto.com,Female,68.164.178.60
906,Thibaut,Dyton,tdytonp5@hugedomains.com,Male,178.148.28.17
907,Cloe,Lapslie,clapsliep6@tmall.com,Female,204.106.154.149
908,Antonio,Erickson,aericksonp7@weather.com,Male,147.237.163.197
909,Waylon,Gatteridge,wgatteridgep8@issuu.com,Male,232.24.151.67
910,Marty,Burgise,mburgisep9@amazon.co.jp,Male,82.89.190.251
911,Nickola,Sever,nseverpa@ucla.edu,Male,188.134.233.206
912,Onfroi,Napoli,onapolipb@meetup.com,Male,168.10.55.15
913,Bryanty,Cabbell,bcabbellpc@yolasite.com,Male,68.73.154.30
914,L;urette,Stonebridge,lstonebridgepd@ning.com,Female,223.75.117.88
915,Valencia,Conway,vconwaype@abc.net.au,Female,82.208.245.185
916,Parnell,Sibbs,psibbspf@jugem.jp,Male,151.38.176.24
917,Doris,McPake,dmcpakepg@gmpg.org,Female,186.107.150.20
918,Ethelind,Lishmund,elishmundph@joomla.org,Female,136.192.142.216
919,Rasla,Stogill,rstogillpi@admin.ch,Female,254.231.162.92
920,Carleen,Larkcum,clarkcumpj@bandcamp.com,Female,176.87.204.167
921,Karly,Gallacher,kgallacherpk@tinyurl.com,Female,125.141.54.255
922,Brigitta,Cone,bconepl@adobe.com,Female,112.231.190.33
923,Royall,Ashbe,rashbepm@patch.com,Male,20.236.127.94
924,Alanson,Abrahart,aabrahartpn@fda.gov,Male,155.168.241.236
925,Giffy,Bennis,gbennispo@histats.com,Male,105.12.74.151
926,Trumann,Sapir,tsapirpp@cnn.com,Male,138.162.246.12
927,Tyrone,Jachtym,tjachtympq@youtube.com,Male,254.70.179.156
928,Marabel,Woodhead,mwoodheadpr@51.la,Female,4.37.140.95
929,Suzanna,Daverin,sdaverinps@istockphoto.com,Female,42.227.41.214
930,Melamie,Florence,mflorencept@salon.com,Female,83.61.155.241
931,Willie,McInulty,wmcinultypu@zdnet.com,Female,108.136.235.73
932,Boigie,Orta,bortapv@upenn.edu,Male,24.253.127.216
933,Seka,Steely,ssteelypw@hibu.com,Female,246.210.123.216
934,Ann-marie,Agdahl,aagdahlpx@flickr.com,Female,143.175.193.22
935,Emily,Tattershaw,etattershawpy@scientificamerican.com,Female,113.209.118.47
936,Brooks,De Biasio,bdebiasiopz@gizmodo.com,Male,139.228.104.16
937,Ira,Sherwyn,isherwynq0@sun.com,Female,205.6.104.218
938,Brear,Moden,bmodenq1@mapy.cz,Female,50.216.41.35
939,Filberte,Hyatt,fhyattq2@umn.edu,Male,235.124.153.127
940,Sebastien,Patis,spatisq3@symantec.com,Male,67.118.183.245
941,Happy,Tivnan,htivnanq4@wikipedia.org,Female,72.171.118.129
942,Kevina,Oldroyde,koldroydeq5@github.com,Female,197.138.30.177
943,Alex,Skures,askuresq6@bigcartel.com,Male,63.62.78.150
944,Rufus,Tregust,rtregustq7@reverbnation.com,Male,198.90.210.236
945,Emilio,Nickell,enickellq8@ezinearticles.com,Male,25.55.138.29
946,Sharyl,Lukovic,slukovicq9@ameblo.jp,Female,6.106.78.240
947,Bambie,Seymour,bseymourqa@wikispaces.com,Female,76.216.240.39
948,Orson,Braben,obrabenqb@so-net.ne.jp,Male,153.81.5.247
949,Inessa,Knill,iknillqc@biblegateway.com,Female,171.154.21.24
950,Enos,Nickless,enicklessqd@cpanel.net,Male,197.80.249.146
951,Zed,Curtiss,zcurtissqe@abc.net.au,Male,11.192.108.100
952,Raffaello,Howsam,rhowsamqf@odnoklassniki.ru,Male,254.165.163.16
953,Rhoda,Spaughton,rspaughtonqg@samsung.com,Female,227.227.82.193
954,Gunter,Yewdell,gyewdellqh@blogspot.com,Male,253.252.68.163
955,Norah,Tester,ntesterqi@sitemeter.com,Female,220.0.121.16
956,Lonna,Izzett,lizzettqj@ibm.com,Female,172.30.254.50
957,Natalie,McCourt,nmccourtqk@admin.ch,Female,47.235.109.186
958,Ashla,Anning,aanningql@tiny.cc,Female,159.2.85.182
959,Yoko,Dimitrov,ydimitrovqm@wordpress.org,Female,47.62.21.248
960,Deva,Ciani,dcianiqn@irs.gov,Female,40.149.89.103
961,Dorine,Barnshaw,dbarnshawqo@usda.gov,Female,231.235.226.247
962,Kerk,Syder,ksyderqp@twitpic.com,Male,150.27.198.161
963,Magdalena,Gossage,mgossageqq@google.ru,Female,39.240.99.184
964,Eden,Mack,emackqr@de.vu,Female,124.209.138.81
965,Val,Loveguard,vloveguardqs@weebly.com,Male,156.94.178.233
966,Samara,Mealham,smealhamqt@nationalgeographic.com,Female,46.41.244.123
967,Phil,Spoure,pspourequ@cloudflare.com,Female,50.88.248.229
968,Corene,Dykas,cdykasqv@senate.gov,Female,101.90.240.180
969,Lorrie,Alsford,lalsfordqw@prlog.org,Male,159.181.84.254
970,Sayer,Charsley,scharsleyqx@domainmarket.com,Male,124.218.86.221
971,Jethro,Twinborne,jtwinborneqy@printfriendly.com,Male,176.2.248.126
972,Giuditta,Gyver,ggyverqz@addtoany.com,Female,229.61.74.81
973,Robin,Mattisson,rmattissonr0@netlog.com,Male,29.55.165.133
974,Cary,Disney,cdisneyr1@google.co.jp,Male,145.225.54.140
975,Tildy,Decaze,tdecazer2@dailymotion.com,Female,83.159.240.86
976,Johannah,Fortnam,jfortnamr3@nba.com,Female,6.205.35.107
977,Konrad,De-Ville,kdeviller4@oaic.gov.au,Male,38.119.156.233
978,Kory,Tanzer,ktanzerr5@theatlantic.com,Male,203.238.4.18
979,Margarita,Trevor,mtrevorr6@naver.com,Female,251.232.204.230
980,Raviv,Eggerton,reggertonr7@wp.com,Male,156.110.14.230
981,Van,Starmont,vstarmontr8@nps.gov,Female,91.6.23.220
982,Frederik,Saw,fsawr9@dagondesign.com,Male,128.248.48.251
983,Gearalt,Rizzotto,grizzottora@slashdot.org,Male,251.198.2.33
984,Elisha,Oki,eokirb@upenn.edu,Female,149.211.78.249
985,Roanna,Maldin,rmaldinrc@reference.com,Female,192.173.140.68
986,Janenna,Scruby,jscrubyrd@un.org,Female,123.111.241.254
987,Denna,Knipe,dknipere@vkontakte.ru,Female,27.208.219.115
988,Yalonda,Scurrah,yscurrahrf@over-blog.com,Female,178.155.230.110
989,Brien,Bawles,bbawlesrg@indiatimes.com,Male,78.34.177.102
990,Cory,Bolton,cboltonrh@msn.com,Male,97.72.155.220
991,Fletch,Macauley,fmacauleyri@angelfire.com,Male,125.45.18.47
992,Gasper,Swinnerton,gswinnertonrj@oracle.com,Male,242.158.9.102
993,Gabie,Algy,galgyrk@pbs.org,Male,5.193.23.187
994,Kerry,Hulme,khulmerl@sakura.ne.jp,Male,38.197.201.187
995,Lannie,Renvoise,lrenvoiserm@quantcast.com,Male,58.1.56.164
996,Free,Massingberd,fmassingberdrn@weibo.com,Male,73.165.215.145
997,Evonne,Henrique,ehenriquero@theglobeandmail.com,Female,167.98.191.138
998,Missie,Jagels,mjagelsrp@imdb.com,Female,12.211.187.2
999,Kellina,De Roeck,kderoeckrq@slideshare.net,Female,212.36.191.238
1000,Annis,Clarke,aclarkerr@buzzfeed.com,Female,93.80.199.227
